,name,stars,count_reviews,coordinate
0,Central Park Jakarta,4.7,96897,"-6.1773686,106.7880974,17"
1,Ciplaz Cengkareng,4.6,2441,"-6.1530098,106.7256653,17"
2,CityWalk Gajah Mada,4.5,2978,"-6.1453373,106.8125703,17"
3,Green Sedayu Mall,4.6,3745,"-6.1388522,106.7261465,17"
4,HubLife Taman Anggrek,4.6,2225,"-6.208428,106.7824432,15"
5,Lindeteves Trade Centre,4.6,3447,"-6.1452508,106.7971913,14"
6,Lippo Mall Puri,4.6,49403,"-6.208428,106.7824432,15"
7,Mall Ciputra Jakarta,4.5,40360,"-6.1683801,106.784161,17"
8,Mall Puri Indah,4.6,36956,"-6.1847065,106.7504279,17"
9,Mall Taman Anggrek,4.6,59510,"-6.1783045,106.7893272,17"
10,Mall Taman Palem,4.3,7025,"-6.1395027,106.7291419,17"
11,Neo Soho Podomoro City,4.6,24523,"-6.174963,106.7874385,17"
12,Plaza Slipi Jaya,4.3,11896,"-6.208428,106.7824432,15"
13,Seasons City,4.3,25791,"-6.1534123,106.7935091,17"
14,Citywalk Sudirman,4.4,20746,"-6.208428,106.7824432,15"
15,FX Sudirman,4.5,37276,"-6.208428,106.7824432,15"
16,Gajah Mada Plaza,4.3,21201,"-6.1606294,106.815616,17"
17,Grand Indonesia Shopping Town,4.7,22258,"-6.208428,106.7824432,15"
18,Green Pramuka Square,4.5,26735,"-6.189148,106.8714391,17"
19,ITC Cempaka Mas,4.4,26086,"-6.1646511,106.8749821,17"
20,ITC Mangga Dua,4.4,13374,"-6.1356852,106.8220263,17"
21,ITC Roxy Mas,4.5,24238,"-6.166433,106.8004092,17"
22,Mangga Dua Mall,4.4,23895,"-6.1370291,106.8217498,17"
23,Mangga Dua Square,4.3,30440,"-6.1387841,106.8290628,17"
24,Pasar Pagi Mangga Dua,4.4,11191,"-6.1363272,106.8192986,17"
25,Plaza Atrium,4.4,40923,"-6.1766586,106.8386162,17"
26,Plaza Indonesia,4.7,44533,"-6.208428,106.7824432,15"
27,Plaza Senayan,4.6,45824,"-6.2254694,106.796839,17"
28,Ratu Plaza,4.2,13368,"-6.208428,106.7824432,15"
29,Sarinah,4.7,4918,"-6.208428,106.7824432,15"
30,Senayan City,4.7,56441,"-6.208428,106.7824432,15"
31,Senayan Park,4.6,7832,"-6.2122975,106.8027317,17"
32,Thamrin City,4.4,30172,"-6.208428,106.7824432,15"
33,Aeon Mall Tanjung Barat,4.6,9289,"-6.3056357,106.8379591,17"
34,Astha District 8,4.7,8756,"-6.2299528,106.8045871,17"
35,Blok M Plaza,4.4,4629,"-6.2441311,106.7949975,17"
36,Blok M Square,4.4,37216,"-6.208428,106.7824432,15"
37,Cilandak Town Square,4.5,43866,"-6.2917804,106.7963884,17"
38,Epiwalk,4.5,3680,"-6.2084215,106.7103404,12"
39,Gandaria City,4.6,69091,"-6.208428,106.7824432,15"
40,Grand ITC Permata Hijau,4.3,15197,"-6.208428,106.7824432,15"
41,ITC Cipulir,4.5,1278,"-6.2372615,106.7629077,17"
42,ITC Fatmawati,4.3,6924,"-6.2642158,106.7965103,17"
43,Kalibata City Square,4.3,7293,"-6.2561373,106.8483122,17"
44,Kota Kasablanka,4.6,99513,"-6.2240353,106.840023,17"
45,Kuningan City,4.4,34569,"-6.208428,106.7824432,15"
46,Lippo Mall Kemang,4.6,10002,"-6.2612579,106.8102851,17"
47,Lotte Shopping Avenue,4.6,45299,"-6.2244656,106.8202994,17"
48,Mall Ambasador,4.4,34954,"-6.2233862,106.8240171,17"
49,Mall Metro Cipulir,4.4,471,"-6.2384832,106.7615083,17"
50,One Belpark Mall,4.4,15320,"-6.304598,106.792448,17"
51,Pacific Place,4.7,45260,"-6.208428,106.7824432,15"
52,Pasaraya Blok M,3.0,5,"-6.2437698,106.7975297,17"
53,Pejaten Village,4.6,2504,"-6.2803107,106.8263427,17"
54,Plaza Festival Mall Kuningan,4.4,24027,"-6.2210778,106.8298362,17"
55,Plaza Kalibata,4.4,6849,"-6.2572996,106.8534192,17"
56,Plaza Semanggi,4.3,27885,"-6.2194431,106.8117083,17"
57,Poins Square,4.2,12260,"-6.2899462,106.7755765,17"
58,Pondok Indah Mall,4.6,76676,"-6.2650091,106.7822185,17"
59,Aeon Mall JGC,4.7,65730,"-6.1721883,106.949646,17"
60,Arion Mall,4.4,11243,"-6.1941555,106.8880185,17"
61,Buaran Plaza,4.3,11061,"-6.2176794,106.9215426,17"
62,Cibubur Junction,4.4,32780,"-6.3692589,106.8915174,17"
63,Ciplaz Klender,4.4,5933,"-6.2140395,106.9006426,17"
64,City Plaza Jatinegara,4.4,15677,"-6.213879,106.8618281,17"
65,Grand Cakung,4.3,7293,"-6.1867509,106.9563119,17"
66,Lippo Plaza Kramat Jati,4.4,20526,"-6.2707582,106.865509,17"
67,Mall Bassura,4.6,3786,"-6.2243387,106.8754862,17"
68,Mall Cipinang Indah,4.4,22797,"-6.2391779,106.8914201,17"
69,Mall Graha Cijantung,4.6,6176,"-6.312635,106.8593199,17"
70,Pondok Kelapa Town Square,4.3,3298,"-6.2399018,106.9322158,17"
71,Pusat Grosir Cililitan,4.4,2924,"-6.2624152,106.862649,17"
72,Tamini Square,4.4,429,"-6.2917347,106.878946,17"
73,Baywalk Mall,4.4,22341,"-6.1077048,106.7766316,17"
74,Bella Terra Lifestyle Center,4.3,7623,"-6.1744509,106.8919871,17"
75,Emporium Pluit,4.5,31064,"-6.1272711,106.7884009,17"
76,Mall Artha Gading,4.5,49959,"-6.1457739,106.8893438,17"
77,Mall Kelapa Gading,4.6,75003,"-6.1572666,106.9058514,17"
78,Mall Of Indonesia,4.5,49233,"-6.1514549,106.88932,17"
79,Metro Sunter Plaza,4.5,1987,"-6.1369481,106.8705927,17"
80,PIK Avenue,4.6,19587,"-6.1091684,106.7378339,17"
81,Pluit Junction,4.2,11086,"-6.1191369,106.7750398,15"
82,Pluit Village,4.4,23397,"-6.1164462,106.787045,17"
83,Sunter Mall,4.5,10293,"-6.137975,106.8682928,17"
84,Stasiun Ancol,4.2,217,"-6.1280046,106.8425386,17"
85,Stasiun Angke,4.1,525,"-6.14473,106.7983251,17"
86,Stasiun Bojong Indah,4.1,20,"-6.1603888,106.7326629,17"
87,Stasiun Buaran,4.8,51,"-6.2153691,106.9211025,17"
88,Stasiun Cakung,4.7,288,"-6.218711,106.9493698,17"
89,Stasiun Cawang,3.0,5,"-6.242039,106.8563564,17"
90,Stasiun Cikini,4.5,1168,"-6.19851,106.8386651,17"
91,Stasiun Cipinang,3.0,5,"-6.2176146,106.8643371,14"
92,Stasiun Duren Kalibata,4.4,1079,"-6.2553166,106.8524778,17"
93,Stasiun Duri,3.0,5,"-6.1560949,106.799051,17"
94,Stasiun Gambir,4.6,7635,"-6.1765651,106.8280152,17"
95,Stasiun Gang Sentiong,4.5,30,"-6.1865303,106.8483518,17"
96,Stasiun Gondangdia,4.5,1359,"-6.18598,106.8300747,17"
97,Stasiun Grogol,4.3,514,"-6.1620333,106.7867914,17"
98,Stasiun Jakarta Gudang,4.6,10,"-6.1326796,106.8133931,17"
99,Stasiun Jakarta Kota,4.5,99,"-6.1371358,106.8117116,17"
100,Stasiun Jatinegara,4.4,2488,"-6.2149238,106.8677154,17"
101,Stasiun Jayakarta,4.4,367,"-6.1412258,106.8204183,17"
102,Stasiun Juanda,4.5,1546,"-6.1667216,106.8278981,17"
103,Stasiun Kalideres,4.2,488,"-6.1660731,106.7012257,17"
104,Stasiun Kampung Bandan,4.1,812,"-6.1325539,106.8259793,17"
105,Stasiun Karet,4.1,616,"-6.2008189,106.8132011,17"
106,Stasiun Kebayoran,4.5,108,"-6.23734,106.7800851,17"
107,Stasiun Kemayoran,4.1,758,"-6.1617338,106.8388182,17"
108,Stasiun Klender,4.1,81,"-6.2176573,106.9377412,17"
109,Stasiun Klender Baru,4.1,81,"-6.2176573,106.9377412,17"
110,Stasiun Kramat,4.6,440,"-6.1938115,106.8539574,17"
111,Stasiun Lenteng Agung,4.5,800,"-6.3303684,106.8322293,17"
112,Stasiun Mangga Besar,4.4,466,"-6.1498329,106.8243928,17"
113,Stasiun Manggarai,4.3,4645,"-6.2099019,106.8476453,17"
114,Stasiun Matraman,4.3,39,"-6.21249,106.8574151,17"
115,Stasiun Palmerah,4.6,1396,"-6.20753,106.7948051,17"
116,Stasiun Pasar Minggu,4.9,16,"-6.2836652,106.8421526,17"
117,Stasiun Pasar Minggu Baru,4.6,145,"-6.2628003,106.8492625,17"
118,Stasiun Pasar Senen,4.4,8742,"-6.1747,106.8417751,17"
119,Stasiun Pasoso,4.9,8,"-6.1094098,106.8814548,17"
120,Stasiun Pegangsaan,4.6,54,"-6.1568081,106.9122469,17"
121,Stasiun Pesing,3.0,5,"-6.1612837,106.7686988,17"
122,Stasiun Pondok Jati,4.1,254,"-6.2091932,106.8597089,17"
123,Stasiun Rajawali,4.2,332,"-6.145055,106.8341314,17"
124,Stasiun Rawa Buaya,3.0,5,"-6.1626667,106.7211309,17"
125,Stasiun Sawah Besar,4.3,459,"-6.16068,106.8250651,17"
126,Stasiun Sudirman,4.7,57,"-6.2015486,106.8171986,17"
127,Stasiun Sudirman Baru,4.7,57,"-6.201531,106.8170445,17"
128,Stasiun Sungai Lagoa,4.8,4,"-6.11201,106.8737803,17"
129,Stasiun Taman Kota,4.9,35,"-6.1594761,106.7541324,17"
130,Stasiun Tanah Abang,4.2,3181,"-6.1857021,106.8082787,17"
131,Stasiun Tanjung Barat,4.5,1215,"-6.3079138,106.83631,17"
132,Stasiun Tanjung Priuk,4.7,154,"-6.1109799,106.8786086,17"
133,Stasiun Tebet,4.8,395,"-6.2258624,106.8562387,17"
134,Stasiun Universitas Pancasila,4.6,9,"-6.3392527,106.831904,17"
135,Halte Busway ASMI,4.2,69,"-6.1717466,106.8861393,17"
136,Halte Busway Adam Malik,3.7,33,"-6.2365393,106.7450323,17"
137,Halte Busway Ahmad Yani Bea Cukai,4.4,34,"-6.20552,106.8711851,17"
138,Halte Busway Angkutan cepat bus,3.0,5,"-6.208428,106.7824432,15"
139,Halte Busway Atrium,5.0,1,"-6.17745,106.8383651,17"
140,Halte Busway BKN,4.4,36,"-6.2581174,106.8669566,17"
141,Halte Busway BNN,4.0,140,"-6.2458606,106.8692819,17"
142,Halte Busway Balai Kota,4.6,95,"-6.1805336,106.8248911,17"
143,Halte Busway Bandengan Pekojan,4.4,8,"-6.1363063,106.8009108,17"
144,Halte Busway Bank Indonesia,3.3,4,"-6.208428,106.7824432,15"
145,Halte Busway Bendungan Hilir,4.5,327,"-6.2170115,106.8126941,17"
146,Halte Busway Bermis,3.9,32,"-6.1781917,106.8959188,17"
147,Halte Busway Bidara Cina,3.1,27,"-6.2308916,106.8653037,17"
148,Halte Busway Buaran,4.0,40,"-6.2165363,106.9154375,16"
149,Halte Busway Budi Utomo,4.6,5,"-6.1671,106.8354651,17"
150,Halte Busway Buncit Indah,4.2,49,"-6.274338,106.8277305,17"
151,Halte Busway Bundaran HI,4.8,633,"-6.19302,106.8204251,17"
152,Halte Busway Bundaran Senayan,4.0,83,"-6.2263309,106.797724,16"
153,Halte Busway CSW,4.6,82,"-6.2399,106.7959151,17"
154,Halte Busway Cawang Ciliwung,4.4,24,"-6.242046,106.8611266,17"
155,Halte Busway Cawang Otista,4.5,11,"-6.2318333,106.8658624,17"
156,Halte Busway Cawang Sutoyo,4.1,43,"-6.24477,106.8734051,17"
157,Halte Busway Cawang UKI,4.2,75,"-6.2502247,106.8711252,17"
158,Halte Busway Cempaka Mas 2,3.9,68,"-6.1662652,106.8753692,17"
159,Halte Busway Cempaka Putih,4.2,29,"-6.1741826,106.8738911,17"
160,Halte Busway Cempaka Tengah,4.3,26,"-6.1703798,106.8640694,17"
161,Halte Busway Cempaka Timur,4.3,43,"-6.1703639,106.8710945,16"
162,Halte Busway Cikoko Stasiun Cawang,4.0,86,"-6.2435186,106.8566935,17"
163,Halte Busway Cipinang,3.0,5,"-6.2084024,106.6279276,11"
164,Halte Busway Cipinang Kebon Nanas,3.9,12,"-6.2316519,106.8737886,17"
165,Halte Busway Cipulir,3.0,5,"-6.2084263,106.751543,13"
166,Halte Busway Danau Agung,4.1,18,"-6.14687,106.8554751,17"
167,Halte Busway Departemen Kesehatan,4.0,63,"-6.22829,106.8307651,17"
168,Halte Busway Departemen Pertanian,4.3,107,"-6.29459,106.8195651,17"
169,Halte Busway Deplu,4.3,10,"-6.1734974,106.8321304,17"
170,Halte Busway Dispenda Samsat Barat,4.1,92,"-6.1546121,106.7355053,17"
171,Halte Busway Dukuh Atas 1,4.5,228,"-6.208428,106.7824432,15"
172,Halte Busway Duren Tiga,4.4,14,"-6.2519478,106.8243338,17"
173,Halte Busway Duri Kepa,4.6,28,"-6.1855168,106.7659337,17"
174,Halte Busway Enggano,4.3,91,"-6.1101326,106.8898505,17"
175,Halte Busway Flyover Jatinegara,4.1,10,"-6.2151586,106.8713174,17"
176,Halte Busway Flyover Klender,5.0,3,"-6.2135816,106.900085,17"
177,Halte Busway Flyover Raden Inten,4.4,47,"-6.2159501,106.9217428,17"
178,Halte Busway Flyover Raya Bogor,2.2,25,"-6.208428,106.7824432,15"
179,Halte Busway GOR Sumantri,4.1,66,"-6.2210012,106.8292792,17"
180,Halte Busway Galur,4.6,44,"-6.1741436,106.8522304,17"
181,Halte Busway Gambir 1,4.2,56,"-6.1745733,106.8277946,17"
182,Halte Busway Gambir 2,4.5,79,"-6.17893,106.8284851,17"
183,Halte Busway Garuda Taman Mini,4.6,148,"-6.2901606,106.8785878,17"
184,Halte Busway Gatot Subroto Jamsostek,3.9,54,"-6.2325848,106.8190251,17"
185,Halte Busway Gatot Subroto LIPI,4.3,51,"-6.2267718,106.8152369,17"
186,Halte Busway Gedong Panjang,4.6,12,"-6.1326323,106.803378,17"
187,Halte Busway Gelanggang Remaja,4.2,30,"-6.2353766,106.8653586,17"
188,Halte Busway Gelora Bung Karno,4.6,572,"-6.2242306,106.8032171,17"
189,Halte Busway Glodok,4.4,102,"-6.14341,106.8125551,17"
190,Halte Busway Grogol 1,4.2,139,"-6.1668132,106.7870674,17"
191,Halte Busway Grogol 2,3.8,42,"-6.1671539,106.7855059,17"
192,Halte Busway Gunung Sahari Mangga Dua,4.3,31,"-6.1364863,106.8240311,16"
193,Halte Busway Halimun,4.6,62,"-6.2051146,106.8307955,17"
194,Halte Busway Harmoni Sentral,4.2,188,"-6.1658067,106.8175986,17"
195,Halte Busway Imigrasi Jakarta Selatan,4.4,38,"-6.2569383,106.8255124,17"
196,Halte Busway Imigrasi Jakarta Timur,4.6,33,"-6.2146326,106.8797826,17"
197,Halte Busway Indosiar,4.1,191,"-6.16338,106.7725651,17"
198,Halte Busway Istiqlal,4.6,81,"-6.17225,106.8283351,17"
199,Halte Busway JORR,4.3,3,"-6.2360723,106.7524157,17"
200,Halte Busway Jakarta,4.5,20,"-6.1368926,106.8122883,17"
201,Halte Busway Jati Padang,3.9,57,"-6.2881969,106.8223903,17"
202,Halte Busway Jatinegara RS Premier,5.0,1,"-6.2220062,106.8656116,17"
203,Halte Busway Jelambar,3.9,79,"-6.16655,106.7839251,17"
204,Halte Busway Jembatan Baru,4.4,100,"-6.154803,106.7277932,17"
205,Halte Busway Jembatan Besi,4.1,59,"-6.1520182,106.7923388,17"
206,Halte Busway Jembatan Dua,4.0,35,"-6.14328,106.7909451,17"
207,Halte Busway Jembatan Gantung,4.2,146,"-6.1554966,106.7468693,17"
208,Halte Busway Jembatan Merah,4.6,42,"-6.1467103,106.8317052,17"
209,Halte Busway Jembatan Tiga,3.6,33,"-6.1333618,106.7900753,17"
210,Halte Busway Juanda,4.5,1212,"-6.1679653,106.8279045,17"
211,Halte Busway Kali Besar Barat,4.5,57,"-6.1354882,106.8087136,17"
212,Halte Busway Kampung Melayu,4.0,387,"-6.2246731,106.8641557,17"
213,Halte Busway Kampung Sumur,4.0,46,"-6.21441,106.9093051,17"
214,Halte Busway Karet Kuningan,4.3,19,"-6.2148599,106.8150652,15"
215,Halte Busway Karet Sudirman,4.7,3,"-6.2193576,106.8114297,17"
216,Halte Busway Kayu Putih Rawasari,4.3,4,"-6.1874765,106.8728253,17"
217,Halte Busway Kebayoran Lama,3.0,5,"-6.2383454,106.7753745,17"
218,Halte Busway Kebayoran Lama Bungur,4.5,4,"-6.2547555,106.7793734,17"
219,Halte Busway Kebon Jeruk,4.3,6,"-6.1943248,106.7663022,17"
220,Halte Busway Kebon Pala,3.0,5,"-6.2217327,106.7933463,13"
221,Halte Busway Kedoya Assiddiqiyah,4.3,27,"-6.1745,106.7632751,17"
222,Halte Busway Kedoya Green Garden,4.4,66,"-6.16444,106.7604351,17"
223,Halte Busway Kelapa Dua Sasak,4.2,77,"-6.208428,106.7824432,15"
224,Halte Busway Kemayoran Landas Pacu Timur,4.5,63,"-6.15218,106.8516651,17"
225,Halte Busway Kramat Sentiong NU,4.9,13,"-6.1862843,106.847596,17"
226,Halte Busway Kuningan Barat,3.0,5,"-6.2084263,106.751543,13"
227,Halte Busway Kuningan Madya,4.2,44,"-6.21266,106.8278451,17"
228,Halte Busway Kuningan Timur,4.0,103,"-6.234819,106.826517,17"
229,Halte Busway Kwitang,4.4,57,"-6.1810686,106.8361184,17"
230,Halte Busway Latuharhari,4.4,33,"-6.2028065,106.8250829,17"
231,Halte Busway Latumeten Stasiun Grogol,4.2,139,"-6.1638999,106.78754,17"
232,Halte Busway Layur,4.6,57,"-6.1931278,106.8797118,15"
233,Halte Busway Mampang Prapatan,4.1,141,"-6.2426256,106.8231491,17"
234,Halte Busway Mangga Besar,5.0,1,"-6.153296,106.8149568,17"
235,Halte Busway Mangga Dua,3.8,4,"-6.1376459,106.8238329,17"
236,Halte Busway Manggarai,4.3,57,"-6.2089113,106.8447235,17"
237,Halte Busway Masjid Agung,4.0,1,"-6.208428,106.7824432,15"
238,Halte Busway Matraman 1,4.3,77,"-6.2000106,106.8518861,17"
239,Halte Busway Matraman 2,3.0,5,"-6.2072569,106.8509702,15"
240,Halte Busway Matraman Baru,4.0,64,"-6.2128733,106.8585886,17"
241,Halte Busway Mayestik,4.4,150,"-6.2418276,106.7878195,17"
242,Halte Busway Monumen Nasional,4.6,105408,"-6.1753924,106.8245779,17"
243,Halte Busway Museum Fatahillah,4.5,189,"-6.13393,106.8095151,17"
244,Halte Busway Olimo,4.2,62,"-6.1493,106.8141151,17"
245,Halte Busway PGC 1,4.3,306,"-6.2624862,106.8637836,17"
246,Halte Busway Pademangan,4.0,27,"-6.1337,106.8290651,17"
247,Halte Busway Pakin,3.6,16,"-6.12798,106.8021651,17"
248,Halte Busway Pal Putih,4.8,4,"-6.1836663,106.8422122,17"
249,Halte Busway Pancoran Barat,4.1,83,"-6.2416403,106.834596,17"
250,Halte Busway Pancoran Tugu,3.0,5,"-6.2424651,106.8353876,16"
251,Halte Busway Pangeran Jayakarta,4.3,35,"-6.1376002,106.8153154,17"
252,Halte Busway Pasar Baru,4.1,99,"-6.1661358,106.8322555,17"
253,Halte Busway Pasar Baru Timur,4.3,39,"-6.16227,106.8355351,17"
254,Halte Busway Pasar Cempaka Putih,3.0,5,"-6.2084215,106.7103404,12"
255,Halte Busway Pasar Enjo,4.4,44,"-6.2148666,106.8757288,17"
256,Halte Busway Pasar Genjing,4.3,50,"-6.1944421,106.8583207,17"
257,Halte Busway Pasar Induk Kramat Jati,3.0,5,"-6.208428,106.7824432,15"
258,Halte Busway Pasar Jatinegara,4.4,148,"-6.2157344,106.8637519,17"
259,Halte Busway Pasar Kebayoran Lama,4.1,15,"-6.238462,106.7806238,17"
260,Halte Busway Pasar Kramat Jati,3.0,5,"-6.2815667,106.8590143,15"
261,Halte Busway Pasar Pulo Gadung,4.5,23,"-6.1874739,106.9033652,17"
262,Halte Busway Pasar Rumput,4.2,136,"-6.2071384,106.8385618,17"
263,Halte Busway Patra Kuningan,5.0,2,"-6.2330006,106.8293786,17"
264,Halte Busway Pecenongan,4.1,36,"-6.16771,106.8256151,17"
265,Halte Busway Pedati Prumpung,3.9,15,"-6.221886,106.8717491,17"
266,Halte Busway Pedongkelan,4.3,33,"-6.1679768,106.8799621,17"
267,Halte Busway Pejaten,4.1,75,"-6.278396,106.827172,17"
268,Halte Busway Pemuda Pramuka,4.0,6,"-6.1923124,106.8716882,17"
269,Halte Busway Pemuda Rawamangun,4.4,117,"-6.1934911,106.8893433,17"
270,Halte Busway Penas Kalimalang,3.0,5,"-6.2237782,106.7566809,12"
271,Halte Busway Penggilingan,3.5,2,"-6.2122834,106.9379364,17"
272,Halte Busway Penjaringan,4.4,299,"-6.1262681,106.7894513,17"
273,Halte Busway Permai Koja,4.9,14,"-6.1139823,106.8908475,17"
274,Halte Busway Permata Hijau,4.9,11,"-6.2212643,106.780374,17"
275,Halte Busway Permata Hijau RS Medika,4.3,70,"-6.2214054,106.7806901,17"
276,Halte Busway Perumnas Klender,4.1,91,"-6.21669,106.9279571,17"
277,Halte Busway Pesakih,4.5,45,"-6.1545681,106.7127811,17"
278,Halte Busway Petojo,3.9,35,"-6.16998,106.8144051,17"
279,Halte Busway Pluit Landmark Auto Plaza,3.8,17,"-6.1252839,106.7971445,17"
280,Halte Busway Plumpang Pertamina,4.4,39,"-6.1279726,106.8914595,17"
281,Halte Busway Polda Metro Jaya,4.8,10,"-6.2216452,106.807402,17"
282,Halte Busway Pondok Indah 1,4.1,23,"-6.2867886,106.7774109,17"
283,Halte Busway Pondok Indah 2,4.4,348,"-6.2656097,106.7805568,17"
284,Halte Busway Pondok Pinang,4.1,124,"-6.28213,106.7694751,17"
285,Halte Busway Pos Pengumben,3.0,5,"-6.214157,106.7707603,17"
286,Halte Busway Pramuka BPKP,3.0,5,"-6.1922073,106.8661483,16"
287,Halte Busway Pramuka LIA,4.4,63,"-6.1922306,106.8660105,17"
288,Halte Busway Pulomas,4.4,101,"-6.1745411,106.8899886,17"
289,Halte Busway Pulomas Bypass,4.4,101,"-6.1745411,106.8899886,17"
290,Halte Busway Puri Beta 1,4.8,5,"-6.230436,106.7233905,17"
291,Halte Busway Puri Beta 2,4.2,132,"-6.23052,106.7210651,17"
292,Halte Busway RS Harapan Bunda,4.1,1814,"-6.3028686,106.8651347,17"
293,Halte Busway RS Harapan Kita,4.4,35,"-6.1851678,106.7952637,17"
294,Halte Busway RS Islam,4.4,49,"-6.1686384,106.8677758,17"
295,Halte Busway RS Tarakan,3.6,95,"-6.17114,106.8075251,17"
296,Halte Busway RSPAD,3.4,5,"-6.1746642,106.8352094,17"
297,Halte Busway Rawa Barat,4.5,21,"-6.23895,106.8136651,17"
298,Halte Busway Rawa Buaya,4.3,153,"-6.15392,106.7236151,17"
299,Halte Busway Rawa Selatan,3.9,47,"-6.1739238,106.8555152,17"
300,Halte Busway S. Parman Podomoro City,4.1,86,"-6.1754972,106.7896274,17"
301,Halte Busway SMK 57,4.3,84,"-6.2909505,106.8210767,17"
302,Halte Busway SMP 140,3.8,33,"-6.13978,106.8566251,17"
303,Halte Busway Salemba Carolus,4.4,53,"-6.1966818,106.8483642,17"
304,Halte Busway Salemba UI,4.3,107,"-6.1932463,106.8462644,17"
305,Halte Busway Sarinah,4.5,90,"-6.188186,106.820399,17"
306,Halte Busway Sawah Besar,4.5,47,"-6.16012,106.8168851,17"
307,Halte Busway Semanggi,4.5,26,"-6.2158244,106.8136552,17"
308,Halte Busway Senayan JCC,3.9,63,"-6.2141628,106.8064411,17"
309,Halte Busway Senen,4.4,640,"-6.1781997,106.83953,17"
310,Halte Busway Senen Sentral,4.4,640,"-6.1781997,106.83953,17"
311,Halte Busway Seskoal,4.2,10,"-6.2380782,106.7687807,17"
312,Halte Busway Setiabudi,3.0,5,"-6.2084263,106.751543,13"
313,Halte Busway Setiabudi Utara AINI,4.3,20,"-6.208428,106.7824432,15"
314,Halte Busway Simprug,4.6,30,"-6.2339253,106.7839041,17"
315,Halte Busway Slamet Riyadi,4.6,36,"-6.20853,106.8567151,17"
316,Halte Busway Slipi Kemanggisan,4.5,23,"-6.1898772,106.7943931,17"
317,Halte Busway Slipi Petamburan,4.2,135,"-6.20197,106.7972951,17"
318,Halte Busway Stasiun Jatinegara,4.3,503,"-6.2151854,106.8684497,17"
319,Halte Busway Stasiun Jatinegara 2,4.2,93,"-6.2156039,106.8654651,17"
320,Halte Busway Stasiun Klender,5.0,1,"-6.2134658,106.8957616,17"
321,Halte Busway Stasiun Kota,4.3,365,"-6.1377973,106.8114358,17"
322,Halte Busway Sumber Waras,3.6,105,"-6.16626,106.7941851,17"
323,Halte Busway Sumur Bor,4.1,94,"-6.1530313,106.7168051,17"
324,Halte Busway Sunan Giri,4.1,46,"-6.1934646,106.8811032,17"
325,Halte Busway Sunter Boulevard Barat,3.7,23,"-6.1495659,106.8860031,17"
326,Halte Busway Sunter Karya,4.3,59,"-6.1376119,106.8682392,17"
327,Halte Busway Sunter Kelapa Gading,4.2,44,"-6.1427947,106.8880659,17"
328,Halte Busway Swadarma,4.5,10,"-6.23755,106.7580751,17"
329,Halte Busway TU Gas,4.2,23,"-6.1931162,106.8982168,16"
330,Halte Busway Taman Kota,3.9,72,"-6.1571324,106.7553094,17"
331,Halte Busway Tanah Kusir Kodim,4.6,9,"-6.2564805,106.7792557,17"
332,Halte Busway Tanah Merdeka,4.2,102,"-6.3077862,106.8710892,17"
333,Halte Busway Tebet BUMD,4.3,35,"-6.2431468,106.84918,17"
334,Halte Busway Tegal Parang,4.4,529,"-6.2393202,106.8291478,17"
335,Halte Busway Tegalan,4.3,49,"-6.2032145,106.8546207,17"
336,Halte Busway Tendean,4.5,1986,"-6.2401824,106.8283292,17"
337,Halte Busway Tirtayasa,4.4,17,"-6.240068,106.8054621,17"
338,Halte Busway Tomang Mandala,4.5,40,"-6.1768813,106.7977939,17"
339,Halte Busway Tosari,5.0,7,"-6.1916046,106.783639,12"
340,Halte Busway UNJ,4.3,79,"-6.1929119,106.8777905,17"
341,Halte Busway Utan Kayu,5.0,1,"-6.1927219,106.8620084,17"
342,Halte Busway Utan Kayu Rawamangun,3.0,5,"-6.1924887,106.8544341,14"
343,Halte Busway Velbak,3.0,5,"-6.208428,106.7824432,15"
344,Halte Busway Velodrome,3.0,5,"-6.193495,106.8857826,17"
345,Halte Busway Walikota Jakarta Timur,4.4,126,"-6.2124846,106.9427898,17"
346,Halte Busway Walikota Jakarta Utara,4.0,1,"-6.1657757,106.8780024,13"
347,Halte Busway Warung Jati,4.5,62,"-6.2623689,106.8272207,17"
348,Halte Busway Yos Sudarso Kodamar,4.4,51,"-6.16204,106.8791151,17"
349,RSUD Kembangan,3.8,1022,"-6.1946469,106.7337479,17"
350,RSUD Kalideres,3.5,299,"-6.1266978,106.7014663,17"
351,RSUD Taman Sari,3.5,275,"-6.1437872,106.8166447,17"
352,RS Cendana,4.5,88,"-6.187407,106.7584841,17"
353,RS Ciputra Citragarden,3.7,13,"-6.12366,106.7025251,17"
354,RS Dharmais,3.8,93,"-6.1867534,106.7953067,17"
355,RS dr. Soeharto Heerjan,4.4,309,"-6.1632727,106.785871,17"
356,RS Hermina Daan Mogot,4.5,3838,"-6.1528552,106.7096487,17"
357,RS Jakarta Eye Center Kedoya,4.1,492,"-6.1895967,106.7590232,17"
358,RS Mitra Keluarga Kalideres,3.0,5,"-6.1496819,106.6996512,17"
359,RS Pelni Petamburan,5.0,2,"-6.1935988,106.8010653,17"
360,RS Pendidikan Ukrida,4.5,480,"-6.1850692,106.7779047,17"
361,RS Siloam Kebon Jeruk,4.1,1752,"-6.19043,106.7604451,17"
362,RS Anggrek Mas,4.2,452,"-6.2030719,106.7700863,17"
363,RSIA Aries,3.0,4,"-6.1566834,106.8054217,17"
364,RSIA Harapan Kita,4.0,744,"-6.1847453,106.7964285,17"
365,RSIA Ibnu Sina,3.2,157,"-6.1603996,106.7935095,17"
366,RSU Bhakti Mulia,3.5,733,"-6.1995902,106.7980055,17"
367,RSU Graha Kedoya,3.9,1105,"-6.1683104,106.762354,17"
368,RSU Manuela,4.6,5,"-6.150455,106.8232349,17"
369,RSU Medika Permata Hijau,3.3,539,"-6.2181589,106.7753806,17"
370,RSU Patria Jakarta,3.2,325,"-6.1970767,106.7901063,17"
371,RSU Puri Indah,4.8,2249,"-6.208428,106.7824432,15"
372,RSU Puri Mandiri Kedoya,3.9,1105,"-6.1878588,106.758996,17"
373,RSU Royal Taruma,3.7,822,"-6.1664004,106.7829354,17"
374,RSU Sumber Waras,3.6,105,"-6.16626,106.7941851,17"
375,RSUD Cempakaputih,3.6,316,"-6.1847813,106.8698823,17"
376,RSUD Joharbaru,3.8,317,"-6.1816368,106.8479014,17"
377,RSUD Tanahabang,4.3,235,"-6.208428,106.7824432,15"
378,RSUD Tarakan Jakarta,3.6,1489,"-6.1718315,106.8077452,17"
379,RS Abdi Waluyo,4.4,1164,"-6.1898084,106.8267067,17"
380,RS Bina Estetika,4.4,50,"-6.1996312,106.8349365,17"
381,RS Dharma Jaya,2.5,2,"-6.225262,106.7417809,12"
382,RS Dharma Sakti,4.4,309,"-6.1684609,106.8126903,17"
383,RS FKG Universitas Indonesia,4.3,166,"-6.194311,106.8461242,17"
384,RS Islam Jakarta,3.9,98,"-6.2205677,106.9382226,17"
385,RS Jakarta Eye Center Menteng,4.0,434,"-6.198529,106.8342651,17"
386,RS Kramat Lima,3.9,273,"-6.1865649,106.8423743,18"
387,RS Kramat 128,3.9,273,"-6.1855402,106.841513,17"
388,RS Menteng Mitra Afia,3.6,246,"-6.1868957,106.83574,17"
389,RS Mitra Keluarga Kemayoran,4.0,1117,"-6.1519598,106.8559248,17"
390,RS Murni Teguh Sudirman,4.0,209,"-6.2095398,106.8168955,17"
391,RS Panti Raharja,5.0,1,"-6.195209,106.8325161,17"
392,RS Pertamina Jaya,4.0,369,"-6.1732937,106.8736188,17"
393,RS Primaya Evasari,4.2,671,"-6.1935465,106.8572092,17"
394,RS Prof. dr. Nizar,3.8,282,"3.1708704,101.6945788,17"
395,RS Proklamasi,3.9,371,"-6.2084024,106.6279276,11"
396,RS Radjak Salemba,3.9,1202,"-6.1936839,106.8495195,17"
397,RS RE. Martadinata,5.0,4,"-6.208428,106.7824432,15"
398,RS Sahid Sahirman,4.7,378,"-6.2098207,106.8165025,17"
399,RS Salemba Satu,4.4,166,"-6.1990958,106.8481028,17"
400,RS Yarsi Jakarta,4.5,621,"-6.1697669,106.8667308,17"
401,RSIA Angkasa,4.2,596,"-6.1801605,106.8170821,17"
402,RSIA Berkat Ibu,1.0,1,"-6.1873547,106.8438092,17"
403,RSIA Budi Kemuliaan,4.1,16,"-6.2084263,106.751543,13"
404,RSIA Tambak,4.3,316,"-6.2062368,106.8459016,17"
405,RSIA YPK Mandiri,4.0,263,"-6.1913687,106.8253281,17"
406,RSUD Jagakarsa,3.0,5,"-6.3160208,106.809307,17"
407,RSUD Jati Padang,4.1,274,"-6.2855433,106.8396894,17"
408,RSUD Kebayoran Baru,4.1,418,"-6.2655199,106.7960926,17"
409,RSUD Kebayoran Lama,4.7,686,"-6.2487219,106.783051,17"
410,RSUD Mampang Prapatan,3.8,300,"-6.2405762,106.8243309,17"
411,RSUD Pesanggrahan,3.7,532,"-6.258125,106.7542631,17"
412,RSUD Tebet,3.2,409,"-6.2316972,106.844064,17"
413,RS Agung,3.0,422,"-6.2091019,106.843846,17"
414,RS Ali Sibroh Malisi,3.4,381,"-6.3447513,106.8113011,17"
415,RS Aulia Jakarta,4.5,2262,"-6.3315821,106.8234635,17"
416,RS Avisena,4.1,75,"-6.2084024,106.6279276,11"
417,RS Bhayangkara Sespimma,3.7,3,"-6.2890101,106.7679326,17"
418,RS Brawijaya Duren Tiga,4.1,369,"-6.2533269,106.8385448,17"
419,RS Brawijaya Jakarta,4.6,1613,"-6.2245768,106.8453357,17"
420,RS Dharmawangsa,3.5,53,"-6.2551195,106.8000453,17"
421,RS dr. Suyoto Pusrehab Kemhan,3.9,15,"-6.2686839,106.7636885,17"
422,RS Gandaria,3.4,201,"-6.2440131,106.7880871,17"
423,RS Halimun,4.6,65,"-6.2063092,106.8313303,17"
424,RS Harapan Kartini,1.0,1,"-6.2856177,106.8145507,17"
425,RS Indah Medika,4.7,1665,"-6.229464,106.8456641,17"
426,RS Jakarta,4.0,730,"-6.2084263,106.751543,13"
427,RS Jakarta Medical Center,4.2,791,"-6.2713995,106.8276896,17"
428,RS Mayapada Jakarta,3.7,23,"-6.2976968,106.7830526,17"
429,RS Mayapada Kuningan,4.8,23,"-6.208428,106.7824432,15"
430,RS Medistra,4.1,836,"-6.2397217,106.8312558,17"
431,RS MMC Jakarta,4.0,412,"-6.208428,106.7824432,15"
432,RS Petukangan,3.6,295,"-6.208428,106.7824432,15"
433,RS Prikasih,3.9,780,"-6.3147011,106.7912588,17"
434,RS Prof. dr. Moestopo,4.3,18,"-6.2591667,106.762554,17"
435,RS Pusat Pertamina,4.1,911,"-6.2399349,106.7906262,17"
436,RS Setia Mitra,2.9,452,"-6.2812228,106.79326,17"
437,RS Siaga Raya,4.6,490,"-6.2729066,106.836669,17"
438,RS Siloam Asri,4.0,927,"-6.2544599,106.8297212,17"
439,RS Siloam Semanggi,3.9,2188,"-6.2190942,106.8146437,17"
440,RS Siloam TB Simatupang,4.2,1710,"-6.2922669,106.781868,17"
441,RS Tebet,4.7,1664,"-6.2428049,106.8476129,17"
442,RS Tria Dipa,3.3,292,"-6.2508174,106.8393142,17"
443,RS Yadika Kebayoran Lama,4.1,312,"-6.2551136,106.7750808,17"
444,RSIA Andhika,4.2,652,"-6.3442407,106.8117397,17"
445,RSIA Asih,4.4,2113,"-6.2090242,106.5362179,11"
446,RSIA Budhi Jaya,4.0,142,"-6.2188959,106.8425055,17"
447,RSIA Kartini,4.0,472,"-6.2383065,106.7672563,17"
448,RSIA Kemang Medical Care,3.9,321,"-6.2861621,106.8166354,17"
449,RSIA Panti Nugeraha,3.0,5,"-6.208428,106.7824432,15"
450,RSU Zahirah,3.3,636,"-6.3356887,106.8209434,17"
451,RSUD Cipayung,3.8,222,"-6.3072731,106.9028292,17"
452,RSUD Ciracas,3.5,289,"-6.345612,106.8712382,17"
453,RSUD Kramatjati,3.9,424,"-6.2867267,106.8596962,17"
454,RSUD Matraman,3.0,5,"-6.2064522,106.8636286,17"
455,RS Adhyaksa,4.2,763,"-6.3078373,106.8901166,17"
456,RS Admira,3.6,454,"-6.1769511,106.8914289,17"
457,RS Al-Fauzan,4.1,72,"-6.2997227,106.8666778,17"
458,RS Antam Medika,3.8,460,"-6.1927555,106.9001282,17"
459,RS Bedah Rawamangun,3.4,184,"-6.1963893,106.8829418,17"
460,RS Bina Waluya,4.4,163,"-6.3083197,106.8680732,17"
461,RS Columbia Asia Pulomas,4.3,1466,"-6.1821006,106.888708,17"
462,RS Dharma Nugraha,5.0,1,"-6.19649,106.8827791,17"
463,RS dr. Esnawan Antariksa,4.5,838,"-6.2570286,106.8891622,17"
464,RS dr. Euis,4.2,16,"-6.2453788,106.9402988,17"
465,RS Duren Sawit,3.8,444,"-6.2317751,106.9071263,17"
466,RS Haji Jakarta,3.5,523,"-6.2898748,106.8867052,17"
467,RS Harapan Bunda,3.9,131,"-6.30196,106.8654551,17"
468,RS Harapan Jayakarta,3.0,354,"-6.1949967,106.9036572,17"
469,RS Harum Sisma Medika,4.3,3,"-6.2479802,106.9073361,17"
470,RS Hermina Jatinegara,3.0,5,"-6.2207701,106.8623032,17"
471,RS Islam Jakarta Pondokkopi,3.9,98,"-6.22044,106.9378601,17"
472,RS Islam Klender,3.7,134,"-6.2221307,106.9305396,17"
473,RS Jantung Jakarta,4.7,1307,"-6.2002569,106.8527538,17"
474,RS Kartika Pulomas,3.1,172,"-6.1761579,106.8825485,17"
475,RS Ketergantungan Obat,4.1,180,"-6.3469159,106.8698506,17"
476,RS Mediros,3.6,85,"-6.1798748,106.901146,17"
477,RS Ridwan Meuraksa,3.2,11,"-6.2941843,106.8796939,17"
478,RS Olahraga Nasional,4.6,81,"-6.368591,106.8901863,17"
479,RS Omni Pulomas,4.3,1010,"-6.1802355,106.8819336,17"
480,RS Pengayoman Cipinang,3.9,52,"-6.2151391,106.8810422,17"
481,RS Premier Jatinegara,3.5,544,"-6.2216352,106.8661001,17"
482,RS Pusdikkes,3.7,143,"-6.2767365,106.8665843,17"
483,RS SMEC Jakarta,4.0,182,"-6.2084215,106.7103404,12"
484,RS Universitas Kristen Indonesia,5.0,1,"-6.2497149,106.8711283,18"
485,RS Yadika Pondokbambu,4.2,913,"-6.2372115,106.8964661,17"
486,RSIA Alvernia Agusta,4.2,59,"-6.1937598,106.889023,17"
487,RSIA Bunda Aliyah Pondokbambu,3.9,1424,"-6.2332843,106.894674,17"
488,RSIA El-Shama,3.0,5,"-6.208428,106.7824432,15"
489,RSIA Restu Kasih,3.4,1746,"-6.2655718,106.8639513,17"
490,RSIA Sammrie Basra,4.4,297,"-6.2293179,106.8946887,17"
491,RSIA Sayyida,4.1,201,"-6.2303997,106.9227888,17"
492,RSUD Cilincing,4.7,1502,"-6.1130193,106.9237312,17"
493,RSUD Pademangan,4.5,523,"-6.132825,106.8374721,17"
494,RSUD Tanjungpriok,4.1,332,"-6.1162048,106.8862664,17"
495,RSUD Tugu Koja,4.5,795,"-6.127472,106.9045007,17"
496,RS Atma Jaya,4.3,95,"-6.1261717,106.7901447,17"
497,RS Duta Indah,4.4,2025,"-6.1384578,106.7812044,17"
498,RS Hermina Podomoro,4.6,2288,"-6.1455087,106.8589036,17"
499,RS Islam Jakarta Sukapura,3.8,616,"-6.1397922,106.9182499,17"
500,RS Mitra Keluarga Kelapagading,4.5,3015,"-6.1520317,106.8947874,17"
501,RS Primasana,4.2,315,"-6.1142432,106.8871668,17"
502,RS Royal Progress,3.7,813,"-6.1393517,106.8629441,17"
503,RSIA Family,4.0,283,"-6.1336838,106.7879143,17"
504,RSIA Grand Family,4.2,421,"-6.1229641,106.7362202,17"
505,RSIA Santo Yusuf,3.4,132,"-6.1171359,106.878929,17"
506,RSU Firdaus,3.9,614,"-6.1561594,106.9205989,17"
507,RSU Gading Pluit,4.0,647,"-6.166163,106.9133011,17"
508,RSU Mulyasari,3.4,196,"-6.1290526,106.9039642,17"
509,RSU Pantai Indah Kapuk,4.2,1173,"-6.1117801,106.7503751,17"
510,RSU Pekerja,3.9,254,"-6.1451892,106.9206629,17"
511,RSU Pelabuhan Jakarta,3.0,572,"-6.124785,106.9151392,17"
512,RSU Pluit,4.9,52,"-6.125994,106.7973562,17"
513,RSU Port Medical Center,4.3,18,"-6.1098551,106.887434,17"
514,RSU Puri Medika,3.6,537,"-6.1289453,106.887647,17"
515,RSU Satya Negara,3.7,438,"-6.1388812,106.8589513,17"
516,RSU Sukmul Sisma Medika,3.5,257,"-6.112421,106.8795381,17"
517,RSUD Kepulauan Seribu,4.4,33,"-5.7448429,106.6108718,17"
518,RS Darurat Pulau Sebaru,3.0,5,"-6.1742049,106.7416781,17"
